bench,run,variant,asserts,result,secs
ol_arb_rr,orfs_W100_T300,new,102,102/102,3
ol_arb_rr,orfs_W100_T300,old,101,101/101,3
ol_arb_prio,W16_L410_T60,new,6561,6561/6561,50
ol_arb_prio,W16_L411_T60,new,6577,6577/6577,49
ol_arb_wrr,G112_W4_T30,new,686,686/686,20
ol_arb_prio,W16_L512_T60,new,8193,8193/8193,80
ol_arb_wrr,G128_W4_T30,new,782,782/782,29
ol_dyn_sft,W440_M220_T30,new,1337,1337/1337,41
ol_arb_rr,W512_T300,new,514,514/514,151
ol_dyn_sft,W1152_M4_T30,new,2311,2311/2311,105
ol_fifo_sync,D4_W1589_T30,new,6375,6375/6375,103
ol_fifo_sync,D4_W1590_T30,new,6379,6379/6379,109
ol_fifo_sync,D4_W2048_T30,new,8211,8211/8211,171
ol_dyn_sft,W2048_M4_T30,new,4103,TIMEOUT,300
ol_pl_stage,W16_S479_T30,new,16766,16766/16766,280
ol_pl_stage,W16_S480_T30,new,16801,16801/16801,283
ol_ram_sdp,D4_W3236_T30,new,12945,TIMEOUT,300
ol_pl_stage,W16_S512_T30,new,17921,TIMEOUT,300
ol_ram_sdp,D4_W3237_T30,new,12949,TIMEOUT,300
ol_ram_sdp,D4_W4096_T30,new,16385,TIMEOUT,300
ol_tdm,C1_W8_T300,new,5,4/5,0
ol_tdm,C4_W1_T300,new,12,12/12,0
ol_wconv_n2m,I4_O4_T300,new,1,1/1,0
ol_wconv_n2m,I4_O2_T300,new,15,15/15,0
ol_wconv_n2xn,I4_O4_T300,new,1,1/1,0
ol_wconv_n2xn,I1_O2_T300,new,16,16/16,0
ol_wconv_xn2n,I4_O4_T300,new,2,2/2,0
ol_wconv_xn2n,I2_O1_T300,new,7,7/7,0
ol_ram_sp,D4_W3135_T30,new,12541,TIMEOUT,300
ol_ram_sp,D4_W3136_T30,new,12545,TIMEOUT,300
ol_ram_sp,D4_W4096_T30,new,16385,TIMEOUT,300
ol_fifo_sync,D4_W1590_T30,old,19,18/19,1
ol_arb_wrr,G128_W4_T30,old,781,781/781,29
ol_pl_stage,W16_S480_T30,old,3,0/3,2
ol_wconv_n2xn,I1_O2_T300,old,15,15/15,0
ol_ram_sdp,D4_W3237_T30,old,1,0/1,1
ol_dyn_sft,W1152_M4_T30,old,2310,2310/2310,110
ol_arb_rr,W512_T300,old,513,513/513,154
