bench,run,engine,mode,result,secs
ol_fifo_sync,D4_W1589_T30,aiger-suprove,prove,PASS,161
ol_fifo_sync,D4_W1589_T30,aiger-rIC3,prove,TIMEOUT,304
ol_fifo_sync,D4_W1589_T30,btor-btormc,bmc,TIMEOUT,304
ol_fifo_sync,D4_W1589_T30,btor-rIC3,bmc,TIMEOUT,304
ol_fifo_sync,D4_W1589_T30,smtbmc-z3,bmc,TIMEOUT,305
ol_fifo_sync,D4_W1589_T30,smtbmc-bitwuzla,bmc,TIMEOUT,305
ol_fifo_sync,D4_W1589_T30,abc-pdr,prove,TIMEOUT,306
ol_fifo_sync,D4_W1590_T30,aiger-suprove,prove,PASS,125
ol_fifo_sync,D4_W1590_T30,abc-pdr,prove,TIMEOUT,305
ol_fifo_sync,D4_W1590_T30,smtbmc-z3,bmc,TIMEOUT,305
ol_fifo_sync,D4_W1590_T30,btor-rIC3,bmc,TIMEOUT,305
ol_fifo_sync,D4_W1590_T30,aiger-rIC3,prove,TIMEOUT,305
ol_fifo_sync,D4_W1590_T30,smtbmc-bitwuzla,bmc,TIMEOUT,305
ol_fifo_sync,D4_W1590_T30,btor-btormc,bmc,TIMEOUT,305
ol_fifo_sync,D4_W2048_T30,aiger-suprove,prove,PASS,236
ol_fifo_sync,D4_W2048_T30,btor-rIC3,bmc,ERROR,299
ol_fifo_sync,D4_W2048_T30,btor-btormc,bmc,TIMEOUT,307
ol_fifo_sync,D4_W2048_T30,aiger-rIC3,prove,TIMEOUT,308
ol_fifo_sync,D4_W2048_T30,smtbmc-z3,bmc,TIMEOUT,308
ol_fifo_sync,D4_W2048_T30,abc-pdr,prove,TIMEOUT,309
ol_fifo_sync,D4_W2048_T30,smtbmc-bitwuzla,bmc,TIMEOUT,310
ol_pl_stage,W16_S479_T30,btor-btormc,bmc,TIMEOUT,318
ol_pl_stage,W16_S479_T30,btor-rIC3,bmc,TIMEOUT,318
ol_pl_stage,W16_S479_T30,aiger-rIC3,prove,TIMEOUT,319
ol_pl_stage,W16_S479_T30,aiger-suprove,prove,TIMEOUT,319
ol_pl_stage,W16_S479_T30,abc-pdr,prove,TIMEOUT,321
ol_pl_stage,W16_S479_T30,smtbmc-bitwuzla,bmc,TIMEOUT,322
ol_pl_stage,W16_S479_T30,smtbmc-z3,bmc,TIMEOUT,326
ol_pl_stage,W16_S480_T30,btor-rIC3,bmc,TIMEOUT,316
ol_pl_stage,W16_S480_T30,btor-btormc,bmc,TIMEOUT,317
ol_pl_stage,W16_S480_T30,smtbmc-bitwuzla,bmc,TIMEOUT,318
ol_pl_stage,W16_S480_T30,abc-pdr,prove,TIMEOUT,318
ol_pl_stage,W16_S480_T30,aiger-suprove,prove,TIMEOUT,318
ol_pl_stage,W16_S480_T30,aiger-rIC3,prove,TIMEOUT,319
ol_pl_stage,W16_S480_T30,smtbmc-z3,bmc,TIMEOUT,331
ol_pl_stage,W16_S512_T30,aiger-rIC3,prove,TIMEOUT,316
ol_pl_stage,W16_S512_T30,smtbmc-bitwuzla,bmc,TIMEOUT,318
ol_pl_stage,W16_S512_T30,abc-pdr,prove,TIMEOUT,319
ol_pl_stage,W16_S512_T30,btor-rIC3,bmc,TIMEOUT,320
ol_pl_stage,W16_S512_T30,aiger-suprove,prove,TIMEOUT,320
ol_pl_stage,W16_S512_T30,btor-btormc,bmc,TIMEOUT,320
ol_pl_stage,W16_S512_T30,smtbmc-z3,bmc,TIMEOUT,331
ol_ram_sdp,D4_W3236_T30,aiger-suprove,prove,PASS,197
ol_ram_sdp,D4_W3236_T30,btor-btormc,bmc,ERROR,304
ol_ram_sdp,D4_W3236_T30,smtbmc-bitwuzla,bmc,TIMEOUT,312
ol_ram_sdp,D4_W3236_T30,aiger-rIC3,prove,TIMEOUT,313
ol_ram_sdp,D4_W3236_T30,smtbmc-z3,bmc,TIMEOUT,314
ol_ram_sdp,D4_W3236_T30,btor-rIC3,bmc,TIMEOUT,314
ol_ram_sdp,D4_W3236_T30,abc-pdr,prove,TIMEOUT,314
ol_ram_sdp,D4_W3237_T30,aiger-suprove,prove,PASS,190
ol_ram_sdp,D4_W3237_T30,btor-rIC3,bmc,TIMEOUT,315
ol_ram_sdp,D4_W3237_T30,btor-btormc,bmc,TIMEOUT,315
ol_ram_sdp,D4_W3237_T30,aiger-rIC3,prove,TIMEOUT,315
ol_ram_sdp,D4_W3237_T30,abc-pdr,prove,TIMEOUT,318
ol_ram_sdp,D4_W3237_T30,smtbmc-bitwuzla,bmc,TIMEOUT,318
ol_ram_sdp,D4_W3237_T30,smtbmc-z3,bmc,TIMEOUT,320
ol_ram_sdp,D4_W4096_T30,aiger-suprove,prove,PASS,263
ol_ram_sdp,D4_W4096_T30,smtbmc-z3,bmc,TIMEOUT,314
ol_ram_sdp,D4_W4096_T30,btor-btormc,bmc,TIMEOUT,316
ol_ram_sdp,D4_W4096_T30,smtbmc-bitwuzla,bmc,TIMEOUT,316
ol_ram_sdp,D4_W4096_T30,abc-pdr,prove,TIMEOUT,316
ol_ram_sdp,D4_W4096_T30,btor-rIC3,bmc,TIMEOUT,316
ol_ram_sdp,D4_W4096_T30,aiger-rIC3,prove,TIMEOUT,317
ol_ram_sp,D4_W3135_T30,aiger-suprove,prove,PASS,163
ol_ram_sp,D4_W3135_T30,btor-rIC3,bmc,TIMEOUT,312
ol_ram_sp,D4_W3135_T30,btor-btormc,bmc,TIMEOUT,314
ol_ram_sp,D4_W3135_T30,abc-pdr,prove,TIMEOUT,314
ol_ram_sp,D4_W3135_T30,smtbmc-bitwuzla,bmc,TIMEOUT,314
ol_ram_sp,D4_W3135_T30,aiger-rIC3,prove,TIMEOUT,315
ol_ram_sp,D4_W3135_T30,smtbmc-z3,bmc,TIMEOUT,317
ol_ram_sp,D4_W3136_T30,aiger-suprove,prove,PASS,188
ol_ram_sp,D4_W3136_T30,aiger-rIC3,prove,TIMEOUT,316
ol_ram_sp,D4_W3136_T30,btor-rIC3,bmc,TIMEOUT,316
ol_ram_sp,D4_W3136_T30,btor-btormc,bmc,TIMEOUT,317
ol_ram_sp,D4_W3136_T30,smtbmc-z3,bmc,TIMEOUT,317
ol_ram_sp,D4_W3136_T30,smtbmc-bitwuzla,bmc,TIMEOUT,320
ol_ram_sp,D4_W3136_T30,abc-pdr,prove,TIMEOUT,321
ol_ram_sp,D4_W4096_T30,btor-btormc,bmc,ERROR,303
ol_ram_sp,D4_W4096_T30,aiger-suprove,prove,TIMEOUT,312
ol_ram_sp,D4_W4096_T30,btor-rIC3,bmc,TIMEOUT,315
ol_ram_sp,D4_W4096_T30,abc-pdr,prove,TIMEOUT,315
ol_ram_sp,D4_W4096_T30,aiger-rIC3,prove,TIMEOUT,319
ol_ram_sp,D4_W4096_T30,smtbmc-bitwuzla,bmc,TIMEOUT,320
ol_ram_sp,D4_W4096_T30,smtbmc-z3,bmc,TIMEOUT,325
